{
    "fit_time": 0.0009311199188232422,
    "test_balanced_accuracy": 0.9705882352941178,
    "test_roc_auc": 0.9927335640138409,
    "train_balanced_accuracy": 0.9821553994732222,
    "train_roc_auc": 1.0
}